sample,gene_name,change,freq,type,drugs
SRR33343142,gyrB,p.Glu501Asp,1.0,missense_variant,moxifloxacin;levofloxacin
SRR33343142,gyrA,p.Ala90Val,0.7477876106194691,missense_variant,moxifloxacin;levofloxacin
SRR33343142,gyrA,p.Asp94Gly,0.2425531914893617,missense_variant,moxifloxacin;levofloxacin
SRR33343142,rpoB,p.Ser450Leu,1.0,missense_variant,rifampicin
SRR33343142,mmpR5,c.144dupC,1.0,frameshift_variant,bedaquiline;clofazimine
SRR33343142,rrs,n.878G>A,1.0,non_coding_transcript_exon_variant,streptomycin
SRR33343142,inhA,c.-777C>T,1.0,upstream_gene_variant,ethionamide;isoniazid
SRR33343142,katG,p.Ser315Thr,1.0,missense_variant,isoniazid
SRR33343142,pncA,p.Arg154Gly,1.0,missense_variant,pyrazinamide
SRR33343142,ald,c.464delG,1.0,frameshift_variant,cycloserine
SRR33343142,embA,c.-16C>G,1.0,upstream_gene_variant,ethambutol
SRR33343142,embB,p.Met306Ile,1.0,missense_variant,ethambutol
SRR33343142,ethA,c.1192_1194dupGTG,0.9910313901345291,conservative_inframe_insertion,ethionamide
SRR33343142,ethA,c.869dupA,1.0,frameshift_variant,ethionamide
SRR33343142,gyrA,p.Glu21Gln,1.0,missense_variant,-
SRR33343142,gyrA,p.Ser95Thr,1.0,missense_variant,-
SRR33343142,gyrA,p.Gly668Asp,0.9953917050691244,missense_variant,-
SRR33343142,Rv0565c,p.Ser68Pro,1.0,missense_variant,-
SRR33343142,rpoB,p.Arg827Cys,1.0,missense_variant,-
SRR33343142,rpoC,p.Gly594Glu,1.0,missense_variant,-
SRR33343142,mmpL5,p.Ile948Val,1.0,missense_variant,-
SRR33343142,rpsL,c.-165T>C,1.0,upstream_gene_variant,-
SRR33343142,rpsL,c.-125G>C,0.9903846153846154,upstream_gene_variant,-
SRR33343142,rplC,c.-590T>C,1.0,upstream_gene_variant,-
SRR33343142,rrs,n.-187C>T,1.0,upstream_gene_variant,-
SRR33343142,tsnR,p.Leu232Pro,0.9923076923076923,missense_variant,-
SRR33343142,tlyA,c.33A>G,1.0,synonymous_variant,-
SRR33343142,Rv1979c,c.-129A>G,1.0,upstream_gene_variant,-
SRR33343142,ald,c.-32T>C,1.0,upstream_gene_variant,-
SRR33343142,mtrB,p.Met517Leu,1.0,missense_variant,-
SRR33343142,embC,c.2781C>T,1.0,synonymous_variant,-
SRR33343142,embC,p.Val981Leu,1.0,missense_variant,-
SRR33343142,embB,c.2895G>A,1.0,synonymous_variant,-
SRR33343142,whiB6,c.-75delG,1.0,upstream_gene_variant,-
SRR33343142,whiB6,c.-211C>T,1.0,upstream_gene_variant,-
SRR33343142,gid,c.405G>T,1.0,synonymous_variant,-
SRR33343272,gyrA,p.Ala90Val,0.4097222222222222,missense_variant,moxifloxacin;levofloxacin
SRR33343272,rpoB,p.Ser450Leu,1.0,missense_variant,rifampicin
SRR33343272,mmpR5,c.198dupG,0.9568965517241379,frameshift_variant,bedaquiline;clofazimine
SRR33343272,inhA,c.-777C>T,1.0,upstream_gene_variant,ethionamide;isoniazid
SRR33343272,gyrB,p.Pro94Leu,1.0,missense_variant,-
SRR33343272,gyrB,c.1983C>T,1.0,synonymous_variant,-
SRR33343272,gyrA,p.Glu21Gln,1.0,missense_variant,-
SRR33343272,gyrA,p.Ser95Thr,1.0,missense_variant,-
SRR33343272,gyrA,p.Gly668Asp,1.0,missense_variant,-
SRR33343272,rpoC,c.1626C>G,1.0,synonymous_variant,-
SRR33343272,rpoC,p.Lys717Met,1.0,missense_variant,-
SRR33343272,mmpL5,p.Ile948Val,1.0,missense_variant,-
SRR33343272,rpsL,c.-165T>C,1.0,upstream_gene_variant,-
SRR33343272,rrs,n.-187C>T,1.0,upstream_gene_variant,-
SRR33343272,rrs,n.492C>T,1.0,non_coding_transcript_exon_variant,-
SRR33343272,tsnR,p.Leu232Pro,1.0,missense_variant,-
SRR33343272,tlyA,c.33A>G,1.0,synonymous_variant,-
SRR33343272,Rv1979c,c.-129A>G,1.0,upstream_gene_variant,-
SRR33343272,pepQ,p.Asn118Asp,1.0,missense_variant,-
SRR33343272,thyA,p.Thr202Ala,1.0,missense_variant,-
SRR33343272,ald,c.-32T>C,1.0,upstream_gene_variant,-
SRR33343272,mtrB,p.Met517Leu,1.0,missense_variant,-
SRR33343272,clpC1,c.2418C>T,1.0,synonymous_variant,-
SRR33343272,embC,c.2781C>T,1.0,synonymous_variant,-
SRR33343272,ethR,p.Ala161Val,0.23529411764705882,missense_variant,-
SRR33343272,whiB6,c.-75delG,1.0,upstream_gene_variant,-
SRR33343272,whiB6,c.-211C>T,1.0,upstream_gene_variant,-
SRR33343272,gid,p.Leu16Arg,1.0,missense_variant,-
SRR33343123,gyrA,p.Asp94Gly,1.0,missense_variant,moxifloxacin;levofloxacin
SRR33343123,rpoB,p.Asp435Val,1.0,missense_variant,rifampicin
SRR33343123,mmpR5,c.144dupC,1.0,frameshift_variant,clofazimine;bedaquiline
SRR33343123,rrs,n.514A>C,1.0,non_coding_transcript_exon_variant,streptomycin
SRR33343123,rrs,n.1401A>G,1.0,non_coding_transcript_exon_variant,amikacin;capreomycin;kanamycin
SRR33343123,inhA,c.-779G>T,1.0,upstream_gene_variant,ethionamide;isoniazid
SRR33343123,katG,p.Ser315Thr,1.0,missense_variant,isoniazid
SRR33343123,pncA,c.517dupG,1.0,frameshift_variant,pyrazinamide
SRR33343123,embB,p.Met306Ile,1.0,missense_variant,ethambutol
SRR33343123,ethA,p.Ala381Pro,1.0,missense_variant,ethionamide
SRR33343123,gid,p.Leu79Ser,1.0,missense_variant,streptomycin
SRR33343123,gyrA,p.Glu21Gln,1.0,missense_variant,-
SRR33343123,gyrA,p.Ser95Thr,1.0,missense_variant,-
SRR33343123,gyrA,p.Gly668Asp,1.0,missense_variant,-
SRR33343123,fgd1,c.960T>C,1.0,synonymous_variant,-
SRR33343123,Rv0565c,c.390G>A,1.0,synonymous_variant,-
SRR33343123,Rv0565c,p.Arg110His,1.0,missense_variant,-
SRR33343123,rpoB,c.3225T>C,1.0,synonymous_variant,-
SRR33343123,mmpL5,p.Ile948Val,1.0,missense_variant,-
SRR33343123,mmpL5,p.Thr794Ile,1.0,missense_variant,-
SRR33343123,mmpS5,c.-710C>G,0.991869918699187,upstream_gene_variant,-
SRR33343123,rpsL,c.-165T>C,1.0,upstream_gene_variant,-
SRR33343123,Rv1129c,c.-28T>C,1.0,upstream_gene_variant,-
SRR33343123,rrs,n.-187C>T,1.0,upstream_gene_variant,-
SRR33343123,rpsA,c.636A>C,1.0,synonymous_variant,-
SRR33343123,tsnR,p.Leu232Pro,1.0,missense_variant,-
SRR33343123,tlyA,c.33A>G,1.0,synonymous_variant,-
SRR33343123,katG,p.Arg463Leu,1.0,missense_variant,-
SRR33343123,PPE35,p.Leu896Ser,1.0,missense_variant,-
SRR33343123,Rv1979c,p.Arg409Gln,1.0,missense_variant,-
SRR33343123,Rv1979c,c.-129A>G,1.0,upstream_gene_variant,-
SRR33343123,ald,c.-32T>C,1.0,upstream_gene_variant,-
SRR33343123,Rv3236c,p.Thr102Ala,1.0,missense_variant,-
SRR33343123,mtrB,p.Met517Leu,1.0,missense_variant,-
SRR33343123,clpC1,c.-272T>G,1.0,upstream_gene_variant,-
SRR33343123,glpK,c.-192C>A,1.0,upstream_gene_variant,-
SRR33343123,embC,c.2781C>T,1.0,synonymous_variant,-
SRR33343123,embA,c.228C>T,1.0,synonymous_variant,-
SRR33343123,aftB,p.Asp397Gly,1.0,missense_variant,-
SRR33343123,ethR,p.Ala161Val,0.23728813559322035,missense_variant,-
SRR33343123,whiB6,c.-75delG,0.9913793103448276,upstream_gene_variant,-
SRR33343123,whiB6,c.-211C>T,1.0,upstream_gene_variant,-
SRR33343123,whiB6,c.-273A>G,1.0,upstream_gene_variant,-
SRR33343123,gid,c.615A>G,1.0,synonymous_variant,-
SRR33343123,gid,p.Glu92Asp,1.0,missense_variant,-
SRR33343286,gyrA,p.Asp94Ala,0.7033898305084746,missense_variant,levofloxacin;moxifloxacin
SRR33343286,rpoB,p.Ser450Leu,1.0,missense_variant,rifampicin
SRR33343286,mmpR5,c.466dupC,0.7642276422764228,frameshift_variant,bedaquiline;clofazimine
SRR33343286,rrs,n.514A>C,1.0,non_coding_transcript_exon_variant,streptomycin
SRR33343286,katG,p.Ser315Thr,1.0,missense_variant,isoniazid
SRR33343286,pncA,p.Cys14Arg,1.0,missense_variant,pyrazinamide
SRR33343286,embB,p.Met306Ile,1.0,missense_variant,ethambutol
SRR33343286,embB,p.Gln497Lys,1.0,missense_variant,ethambutol
SRR33343286,ethA,p.Ala381Pro,1.0,missense_variant,ethionamide
SRR33343286,gid,p.Leu79Ser,1.0,missense_variant,streptomycin
SRR33343286,gyrA,p.Glu21Gln,1.0,missense_variant,-
SRR33343286,gyrA,p.Ser95Thr,1.0,missense_variant,-
SRR33343286,gyrA,p.Gly668Asp,1.0,missense_variant,-
SRR33343286,fgd1,c.960T>C,1.0,synonymous_variant,-
SRR33343286,Rv0565c,c.390G>A,1.0,synonymous_variant,-
SRR33343286,Rv0565c,p.Arg110His,1.0,missense_variant,-
SRR33343286,rpoB,c.3225T>C,1.0,synonymous_variant,-
SRR33343286,rpoC,p.Val483Gly,1.0,missense_variant,-
SRR33343286,mmpL5,p.Ile948Val,1.0,missense_variant,-
SRR33343286,mmpL5,p.Thr794Ile,1.0,missense_variant,-
SRR33343286,mmpR5,p.Val1Leu,0.17834394904458598,missense_variant,-
SRR33343286,mmpS5,c.-710C>G,1.0,upstream_gene_variant,-
SRR33343286,rpsL,c.-165T>C,1.0,upstream_gene_variant,-
SRR33343286,Rv1129c,c.-28T>C,1.0,upstream_gene_variant,-
SRR33343286,rrs,n.-187C>T,1.0,upstream_gene_variant,-
SRR33343286,rpsA,c.636A>C,1.0,synonymous_variant,-
SRR33343286,tsnR,p.Leu232Pro,1.0,missense_variant,-
SRR33343286,tlyA,c.33A>G,1.0,synonymous_variant,-
SRR33343286,katG,p.Arg463Leu,1.0,missense_variant,-
SRR33343286,PPE35,p.Leu896Ser,1.0,missense_variant,-
SRR33343286,Rv1979c,p.Arg409Gln,1.0,missense_variant,-
SRR33343286,Rv1979c,c.-129A>G,1.0,upstream_gene_variant,-
SRR33343286,ald,c.-32T>C,1.0,upstream_gene_variant,-
SRR33343286,Rv3236c,p.Thr102Ala,1.0,missense_variant,-
SRR33343286,mtrB,p.Met517Leu,1.0,missense_variant,-
SRR33343286,clpC1,c.-272T>G,1.0,upstream_gene_variant,-
SRR33343286,glpK,c.-192C>A,1.0,upstream_gene_variant,-
SRR33343286,embC,c.2781C>T,1.0,synonymous_variant,-
SRR33343286,embA,c.228C>T,1.0,synonymous_variant,-
SRR33343286,aftB,p.Asp397Gly,1.0,missense_variant,-
SRR33343286,whiB6,c.-75delG,1.0,upstream_gene_variant,-
SRR33343286,whiB6,c.-211C>T,1.0,upstream_gene_variant,-
SRR33343286,whiB6,c.-273A>G,1.0,upstream_gene_variant,-
SRR33343286,gid,c.615A>G,1.0,synonymous_variant,-
SRR33343286,gid,p.Glu92Asp,1.0,missense_variant,-
SRR33343288,rpoB,p.Ser450Leu,1.0,missense_variant,rifampicin
SRR33343288,rpsL,p.Lys43Arg,1.0,missense_variant,streptomycin
SRR33343288,katG,p.Ser315Thr,1.0,missense_variant,isoniazid
SRR33343288,pncA,p.Met175Val,1.0,missense_variant,pyrazinamide
SRR33343288,embB,p.Met306Val,1.0,missense_variant,ethambutol
SRR33343288,gyrA,p.Glu21Gln,1.0,missense_variant,-
SRR33343288,Rv0565c,c.1204_1205delAC,1.0,frameshift_variant,-
SRR33343288,nusG,c.-113G>A,1.0,upstream_gene_variant,-
SRR33343288,nusG,c.405A>G,1.0,synonymous_variant,-
SRR33343288,rpoC,p.Phe831Leu,1.0,missense_variant,-
SRR33343288,mmpL5,p.Ile948Val,1.0,missense_variant,-
SRR33343288,mmpR5,p.Glu104Lys,1.0,missense_variant,-
SRR33343288,rpsL,c.-165T>C,1.0,upstream_gene_variant,-
SRR33343288,rrs,n.-187C>T,1.0,upstream_gene_variant,-
SRR33343288,rrl,n.344C>T,1.0,non_coding_transcript_exon_variant,-
SRR33343288,tlyA,c.33A>G,1.0,synonymous_variant,-
SRR33343288,PPE35,p.Pro822Ser,1.0,missense_variant,-
SRR33343288,PPE35,c.1464G>C,1.0,synonymous_variant,-
SRR33343288,Rv1979c,c.-129A>G,1.0,upstream_gene_variant,-
SRR33343288,pncA,p.Ala98Val,1.0,missense_variant,-
SRR33343288,Rv2680,c.-257G>A,1.0,upstream_gene_variant,-
SRR33343288,Rv3236c,c.-520A>G,1.0,upstream_gene_variant,-
SRR33343288,clpC1,p.Asp326Asn,1.0,missense_variant,-
SRR33343288,embC,c.2781C>T,1.0,synonymous_variant,-
SRR33343288,whiB6,c.-75delG,1.0,upstream_gene_variant,-
SRR33343103,rpoB,p.His445Asn,1.0,missense_variant,rifampicin
SRR33343103,mmpR5,c.144dupC,0.6039603960396039,frameshift_variant,clofazimine;bedaquiline
SRR33343103,mmpR5,c.198delG,0.3068181818181818,frameshift_variant,clofazimine;bedaquiline
SRR33343103,mmpR5,c.291delC,0.10526315789473684,frameshift_variant,clofazimine;bedaquiline
SRR33343103,gyrA,p.Glu21Gln,1.0,missense_variant,-
SRR33343103,gyrA,p.Ser95Thr,1.0,missense_variant,-
SRR33343103,gyrA,p.Gly668Asp,1.0,missense_variant,-
SRR33343103,Rv0565c,p.Ser68Pro,1.0,missense_variant,-
SRR33343103,rpoC,p.Gly594Glu,1.0,missense_variant,-
SRR33343103,mmpL5,p.Ile948Val,1.0,missense_variant,-
SRR33343103,rpsL,c.-165T>C,1.0,upstream_gene_variant,-
SRR33343103,rplC,c.-590T>C,1.0,upstream_gene_variant,-
SRR33343103,rrs,n.-187C>T,1.0,upstream_gene_variant,-
SRR33343103,rrl,n.2479A>G,1.0,non_coding_transcript_exon_variant,-
SRR33343103,tsnR,p.Leu232Pro,1.0,missense_variant,-
SRR33343103,tlyA,c.33A>G,1.0,synonymous_variant,-
SRR33343103,Rv1979c,c.-129A>G,1.0,upstream_gene_variant,-
SRR33343103,ald,c.-32T>C,1.0,upstream_gene_variant,-
SRR33343103,mtrB,p.Met517Leu,1.0,missense_variant,-
SRR33343103,embC,c.2781C>T,1.0,synonymous_variant,-
SRR33343103,embC,p.Val981Leu,1.0,missense_variant,-
SRR33343103,embB,c.2895G>A,1.0,synonymous_variant,-
SRR33343103,whiB6,c.-75delG,1.0,upstream_gene_variant,-
SRR33343103,whiB6,c.-211C>T,1.0,upstream_gene_variant,-
SRR33343215,gyrA,p.Asp94His,1.0,missense_variant,moxifloxacin;levofloxacin
SRR33343215,rpoB,p.Asp435Val,1.0,missense_variant,rifampicin
SRR33343215,mmpR5,c.139dupG,1.0,frameshift_variant,bedaquiline;clofazimine
SRR33343215,rrs,n.514A>C,1.0,non_coding_transcript_exon_variant,streptomycin
SRR33343215,rrs,n.1401A>G,1.0,non_coding_transcript_exon_variant,capreomycin;amikacin;kanamycin
SRR33343215,inhA,c.-779G>T,1.0,upstream_gene_variant,isoniazid;ethionamide
SRR33343215,katG,p.Ser315Thr,1.0,missense_variant,isoniazid
SRR33343215,pncA,c.517dupG,1.0,frameshift_variant,pyrazinamide
SRR33343215,alr,p.Leu113Arg,1.0,missense_variant,cycloserine
SRR33343215,embB,p.Met306Ile,1.0,missense_variant,ethambutol
SRR33343215,ethA,p.Ala381Pro,1.0,missense_variant,ethionamide
SRR33343215,gid,p.Leu79Ser,1.0,missense_variant,streptomycin
SRR33343215,gyrA,p.Glu21Gln,1.0,missense_variant,-
SRR33343215,gyrA,p.Ser95Thr,1.0,missense_variant,-
SRR33343215,gyrA,p.Gly668Asp,1.0,missense_variant,-
SRR33343215,fgd1,c.960T>C,1.0,synonymous_variant,-
SRR33343215,Rv0565c,c.390G>A,1.0,synonymous_variant,-
SRR33343215,Rv0565c,p.Arg110His,1.0,missense_variant,-
SRR33343215,mmaA3,c.-43G>A,1.0,upstream_gene_variant,-
SRR33343215,rpoB,c.3225T>C,1.0,synonymous_variant,-
SRR33343215,mmpL5,p.Ile948Val,1.0,missense_variant,-
SRR33343215,mmpL5,p.Thr794Ile,1.0,missense_variant,-
SRR33343215,mmpS5,c.-710C>G,1.0,upstream_gene_variant,-
SRR33343215,rpsL,c.-165T>C,1.0,upstream_gene_variant,-
SRR33343215,Rv1129c,c.-28T>C,1.0,upstream_gene_variant,-
SRR33343215,rrs,n.-187C>T,1.0,upstream_gene_variant,-
SRR33343215,rpsA,c.636A>C,1.0,synonymous_variant,-
SRR33343215,tsnR,p.Leu232Pro,1.0,missense_variant,-
SRR33343215,tlyA,c.33A>G,1.0,synonymous_variant,-
SRR33343215,katG,p.Arg463Leu,1.0,missense_variant,-
SRR33343215,PPE35,p.Leu896Ser,1.0,missense_variant,-
SRR33343215,Rv1979c,p.Arg409Gln,0.9905660377358491,missense_variant,-
SRR33343215,Rv1979c,c.-129A>G,1.0,upstream_gene_variant,-
SRR33343215,ald,c.-32T>C,1.0,upstream_gene_variant,-
SRR33343215,Rv3236c,p.Thr102Ala,1.0,missense_variant,-
SRR33343215,mtrB,p.Met517Leu,1.0,missense_variant,-
SRR33343215,clpC1,c.-272T>G,1.0,upstream_gene_variant,-
SRR33343215,glpK,c.-192C>A,1.0,upstream_gene_variant,-
SRR33343215,embC,c.2781C>T,1.0,synonymous_variant,-
SRR33343215,embA,c.228C>T,1.0,synonymous_variant,-
SRR33343215,aftB,p.Asp397Gly,1.0,missense_variant,-
SRR33343215,whiB6,c.-75delG,1.0,upstream_gene_variant,-
SRR33343215,whiB6,c.-211C>T,1.0,upstream_gene_variant,-
SRR33343215,whiB6,c.-273A>G,1.0,upstream_gene_variant,-
SRR33343215,gid,c.615A>G,1.0,synonymous_variant,-
SRR33343215,gid,p.Glu92Asp,1.0,missense_variant,-
SRR33343226,gyrA,p.Ala90Val,0.6949152542372882,missense_variant,moxifloxacin;levofloxacin
SRR33343226,rpoB,p.Ser450Leu,1.0,missense_variant,rifampicin
SRR33343226,mmpR5,c.144dupC,0.59,frameshift_variant,bedaquiline;clofazimine
SRR33343226,rrs,n.514A>C,1.0,non_coding_transcript_exon_variant,streptomycin
SRR33343226,katG,p.Ser315Thr,1.0,missense_variant,isoniazid
SRR33343226,pncA,p.Cys14Arg,1.0,missense_variant,pyrazinamide
SRR33343226,embB,p.Met306Ile,1.0,missense_variant,ethambutol
SRR33343226,embB,p.Gln497Lys,1.0,missense_variant,ethambutol
SRR33343226,ethA,p.Ala381Pro,1.0,missense_variant,ethionamide
SRR33343226,gid,p.Leu79Ser,1.0,missense_variant,streptomycin
SRR33343226,gyrA,p.Glu21Gln,1.0,missense_variant,-
SRR33343226,gyrA,p.Ser95Thr,1.0,missense_variant,-
SRR33343226,gyrA,p.Gly668Asp,1.0,missense_variant,-
SRR33343226,fgd1,c.960T>C,1.0,synonymous_variant,-
SRR33343226,Rv0565c,c.390G>A,1.0,synonymous_variant,-
SRR33343226,Rv0565c,p.Arg110His,1.0,missense_variant,-
SRR33343226,rpoB,c.3225T>C,1.0,synonymous_variant,-
SRR33343226,rpoC,p.Val483Gly,1.0,missense_variant,-
SRR33343226,mmpL5,p.Ile948Val,1.0,missense_variant,-
SRR33343226,mmpL5,p.Thr794Ile,1.0,missense_variant,-
SRR33343226,mmpR5,p.Gly25Val,0.3225806451612903,missense_variant,-
SRR33343226,mmpS5,c.-710C>G,1.0,upstream_gene_variant,-
SRR33343226,rpsL,c.-165T>C,1.0,upstream_gene_variant,-
SRR33343226,Rv1129c,c.-28T>C,1.0,upstream_gene_variant,-
SRR33343226,rrs,n.-187C>T,1.0,upstream_gene_variant,-
SRR33343226,rpsA,c.636A>C,1.0,synonymous_variant,-
SRR33343226,tsnR,p.Leu232Pro,1.0,missense_variant,-
SRR33343226,tlyA,c.33A>G,1.0,synonymous_variant,-
SRR33343226,katG,p.Arg463Leu,1.0,missense_variant,-
SRR33343226,PPE35,p.Leu896Ser,1.0,missense_variant,-
SRR33343226,Rv1979c,p.Arg409Gln,1.0,missense_variant,-
SRR33343226,Rv1979c,c.-129A>G,1.0,upstream_gene_variant,-
SRR33343226,ald,c.-32T>C,1.0,upstream_gene_variant,-
SRR33343226,Rv3236c,p.Thr102Ala,0.9897959183673469,missense_variant,-
SRR33343226,mtrB,p.Met517Leu,1.0,missense_variant,-
SRR33343226,clpC1,c.-272T>G,1.0,upstream_gene_variant,-
SRR33343226,glpK,c.-192C>A,1.0,upstream_gene_variant,-
SRR33343226,embC,c.2781C>T,1.0,synonymous_variant,-
SRR33343226,embA,c.228C>T,1.0,synonymous_variant,-
SRR33343226,aftB,p.Asp397Gly,1.0,missense_variant,-
SRR33343226,whiB6,c.-75delG,1.0,upstream_gene_variant,-
SRR33343226,whiB6,c.-211C>T,1.0,upstream_gene_variant,-
SRR33343226,whiB6,c.-273A>G,1.0,upstream_gene_variant,-
SRR33343226,gid,c.615A>G,1.0,synonymous_variant,-
SRR33343226,gid,p.Glu92Asp,1.0,missense_variant,-
SRR33343122,gyrA,p.Ala90Val,1.0,missense_variant,moxifloxacin;levofloxacin
SRR33343122,rpoB,p.Ser450Leu,1.0,missense_variant,rifampicin
SRR33343122,rpsL,p.Lys43Arg,1.0,missense_variant,streptomycin
SRR33343122,katG,p.Ser315Thr,1.0,missense_variant,isoniazid
SRR33343122,pncA,p.Tyr34Asp,1.0,missense_variant,pyrazinamide
SRR33343122,embB,p.Met306Val,1.0,missense_variant,ethambutol
SRR33343122,gyrA,p.Glu21Gln,1.0,missense_variant,-
SRR33343122,gyrA,p.Ser95Thr,1.0,missense_variant,-
SRR33343122,gyrA,p.Gly668Asp,1.0,missense_variant,-
SRR33343122,rpoC,p.Pro1040Ser,1.0,missense_variant,-
SRR33343122,mmpL5,p.Ile948Val,1.0,missense_variant,-
SRR33343122,mmpR5,p.Ser53Leu,1.0,missense_variant,-
SRR33343122,rpsL,c.-165T>C,1.0,upstream_gene_variant,-
SRR33343122,rrs,n.-187C>T,1.0,upstream_gene_variant,-
SRR33343122,tsnR,c.69G>A,1.0,synonymous_variant,-
SRR33343122,tsnR,p.Leu232Pro,1.0,missense_variant,-
SRR33343122,tlyA,c.33A>G,1.0,synonymous_variant,-
SRR33343122,ndh,p.Val18Ala,1.0,missense_variant,-
SRR33343122,PPE35,p.Gly258Asp,1.0,missense_variant,-
SRR33343122,Rv1979c,c.-129A>G,1.0,upstream_gene_variant,-
SRR33343122,ribD,c.-12G>A,1.0,upstream_gene_variant,-
SRR33343122,Rv2752c,p.Trp400*,1.0,stop_gained,-
SRR33343122,ald,c.-32T>C,1.0,upstream_gene_variant,-
SRR33343122,fbiD,p.Arg57Leu,1.0,missense_variant,-
SRR33343122,Rv3083,c.105G>A,1.0,synonymous_variant,-
SRR33343122,Rv3236c,p.Val151Ala,1.0,missense_variant,-
SRR33343122,mtrB,p.Met517Leu,1.0,missense_variant,-
SRR33343122,embC,c.-900C>T,1.0,upstream_gene_variant,-
SRR33343122,embC,c.-589C>G,1.0,upstream_gene_variant,-
SRR33343122,embC,c.2781C>T,1.0,synonymous_variant,-
SRR33343122,ubiA,p.Lys174Thr,1.0,missense_variant,-
SRR33343122,whiB6,c.-75delG,1.0,upstream_gene_variant,-
SRR33343122,whiB6,c.-211C>T,1.0,upstream_gene_variant,-
SRR33343152,gyrA,p.Asp94Gly,1.0,missense_variant,levofloxacin;moxifloxacin
SRR33343152,rpoB,p.His445Asn,1.0,missense_variant,rifampicin
SRR33343152,rrs,n.1401A>G,1.0,non_coding_transcript_exon_variant,capreomycin;kanamycin;amikacin
SRR33343152,katG,p.Ser315Thr,1.0,missense_variant,isoniazid
SRR33343152,embB,p.Met306Val,1.0,missense_variant,ethambutol
SRR33343152,ethA,p.Ala381Pro,1.0,missense_variant,ethionamide
SRR33343152,gid,p.Leu79Ser,1.0,missense_variant,streptomycin
SRR33343152,gyrA,p.Glu21Gln,1.0,missense_variant,-
SRR33343152,gyrA,p.Ser95Thr,1.0,missense_variant,-
SRR33343152,gyrA,p.Gly668Asp,1.0,missense_variant,-
SRR33343152,fgd1,c.960T>C,1.0,synonymous_variant,-
SRR33343152,Rv0565c,c.390G>A,1.0,synonymous_variant,-
SRR33343152,Rv0565c,p.Arg110His,1.0,missense_variant,-
SRR33343152,rpoB,c.3225T>C,1.0,synonymous_variant,-
SRR33343152,mmpL5,p.Ile948Val,1.0,missense_variant,-
SRR33343152,mmpL5,p.Thr794Ile,1.0,missense_variant,-
SRR33343152,mmpR5,p.Arg96Trp,0.806282722513089,missense_variant,-
SRR33343152,mmpS5,c.-710C>G,1.0,upstream_gene_variant,-
SRR33343152,rpsL,c.-165T>C,1.0,upstream_gene_variant,-
SRR33343152,Rv1129c,c.-28T>C,1.0,upstream_gene_variant,-
SRR33343152,rrs,n.-187C>T,1.0,upstream_gene_variant,-
SRR33343152,inhA,p.Thr162Ser,1.0,missense_variant,-
SRR33343152,rpsA,c.636A>C,1.0,synonymous_variant,-
SRR33343152,tsnR,p.Leu232Pro,1.0,missense_variant,-
SRR33343152,tlyA,c.33A>G,1.0,synonymous_variant,-
SRR33343152,katG,p.Arg463Leu,1.0,missense_variant,-
SRR33343152,PPE35,p.Leu896Ser,1.0,missense_variant,-
SRR33343152,Rv1979c,p.Arg409Gln,1.0,missense_variant,-
SRR33343152,Rv1979c,c.-129A>G,1.0,upstream_gene_variant,-
SRR33343152,ald,c.-32T>C,1.0,upstream_gene_variant,-
SRR33343152,Rv3236c,p.Thr102Ala,1.0,missense_variant,-
SRR33343152,mtrB,p.Met517Leu,1.0,missense_variant,-
SRR33343152,clpC1,c.-272T>G,1.0,upstream_gene_variant,-
SRR33343152,glpK,c.-192C>A,1.0,upstream_gene_variant,-
SRR33343152,embC,c.2781C>T,1.0,synonymous_variant,-
SRR33343152,embA,c.228C>T,1.0,synonymous_variant,-
SRR33343152,aftB,p.Asp397Gly,1.0,missense_variant,-
SRR33343152,whiB6,c.-75delG,1.0,upstream_gene_variant,-
SRR33343152,whiB6,c.-211C>T,1.0,upstream_gene_variant,-
SRR33343152,whiB6,c.-273A>G,1.0,upstream_gene_variant,-
SRR33343152,gid,c.615A>G,1.0,synonymous_variant,-
SRR33343152,gid,p.Glu92Asp,1.0,missense_variant,-
SRR33343260,rpoB,p.Ser450Leu,1.0,missense_variant,rifampicin
SRR33343260,mmpR5,c.144dupC,1.0,frameshift_variant,bedaquiline;clofazimine
SRR33343260,katG,p.Ser315Thr,1.0,missense_variant,isoniazid
SRR33343260,pncA,p.Leu172Pro,1.0,missense_variant,pyrazinamide
SRR33343260,embB,p.Met306Ile,1.0,missense_variant,ethambutol
SRR33343260,gid,c.344_347delTGCGinsCGC,1.0,frameshift_variant&missense_variant,streptomycin
SRR33343260,gyrB,c.-164G>A,1.0,upstream_gene_variant,-
SRR33343260,gyrA,p.Glu21Gln,1.0,missense_variant,-
SRR33343260,gyrA,p.Ser95Thr,1.0,missense_variant,-
SRR33343260,gyrA,p.Gly668Asp,1.0,missense_variant,-
SRR33343260,Rv0565c,p.Ser68Pro,0.991869918699187,missense_variant,-
SRR33343260,rpoB,p.Ile1111Val,1.0,missense_variant,-
SRR33343260,rpoC,p.Gly594Glu,1.0,missense_variant,-
SRR33343260,mmpL5,p.Ile948Val,1.0,missense_variant,-
SRR33343260,rpsL,c.-165T>C,1.0,upstream_gene_variant,-
SRR33343260,rpsL,c.-125G>C,1.0,upstream_gene_variant,-
SRR33343260,rpsL,p.Ser17Asn,1.0,missense_variant,-
SRR33343260,rplC,c.-590T>C,1.0,upstream_gene_variant,-
SRR33343260,rrs,n.-187C>T,1.0,upstream_gene_variant,-
SRR33343260,tsnR,p.Leu232Pro,1.0,missense_variant,-
SRR33343260,tlyA,c.33A>G,1.0,synonymous_variant,-
SRR33343260,Rv1979c,p.Phe353Val,1.0,missense_variant,-
SRR33343260,Rv1979c,c.-129A>G,1.0,upstream_gene_variant,-
SRR33343260,ald,c.-32T>C,1.0,upstream_gene_variant,-
SRR33343260,mtrB,p.Met517Leu,1.0,missense_variant,-
SRR33343260,rpoA,c.-83G>A,0.30434782608695654,upstream_gene_variant,-
SRR33343260,embC,c.2781C>T,1.0,synonymous_variant,-
SRR33343260,embC,p.Val981Leu,1.0,missense_variant,-
SRR33343260,embB,c.2895G>A,1.0,synonymous_variant,-
SRR33343260,ubiA,p.Gly190Ser,1.0,missense_variant,-
SRR33343260,ubiA,p.Ala181Val,1.0,missense_variant,-
SRR33343260,ethR,p.Ala161Val,0.3409090909090909,missense_variant,-
SRR33343260,whiB6,c.-75delG,1.0,upstream_gene_variant,-
SRR33343260,whiB6,c.-211C>T,1.0,upstream_gene_variant,-
SRR33343260,gid,c.405G>T,1.0,synonymous_variant,-
SRR33343120,gyrB,p.Glu501Asp,1.0,missense_variant,levofloxacin;moxifloxacin
SRR33343120,rpoB,p.Ser450Leu,1.0,missense_variant,rifampicin
SRR33343120,rpsL,p.Lys88Arg,1.0,missense_variant,streptomycin
SRR33343120,inhA,c.-777C>T,1.0,upstream_gene_variant,ethionamide;isoniazid
SRR33343120,inhA,p.Ile21Thr,1.0,missense_variant,ethionamide;isoniazid
SRR33343120,eis,c.-10G>A,1.0,upstream_gene_variant,kanamycin
SRR33343120,embB,p.Gln497Arg,1.0,missense_variant,ethambutol
SRR33343120,gyrB,p.His302Arg,1.0,missense_variant,-
SRR33343120,gyrA,p.Glu21Gln,1.0,missense_variant,-
SRR33343120,gyrA,p.Ser95Thr,1.0,missense_variant,-
SRR33343120,gyrA,p.Gly668Asp,1.0,missense_variant,-
SRR33343120,rpoC,p.Val1039Ala,1.0,missense_variant,-
SRR33343120,mmpL5,p.Ile948Val,1.0,missense_variant,-
SRR33343120,mmpL5,c.-502A>C,1.0,upstream_gene_variant,-
SRR33343120,rpsL,c.-165T>C,1.0,upstream_gene_variant,-
SRR33343120,rrs,n.-187C>T,1.0,upstream_gene_variant,-
SRR33343120,tsnR,p.Leu232Pro,1.0,missense_variant,-
SRR33343120,tlyA,c.33A>G,1.0,synonymous_variant,-
SRR33343120,ndh,p.Val18Ala,0.990990990990991,missense_variant,-
SRR33343120,katG,c.-6A>G,1.0,upstream_gene_variant,-
SRR33343120,PPE35,p.Gly258Asp,1.0,missense_variant,-
SRR33343120,Rv1979c,c.-129A>G,1.0,upstream_gene_variant,-
SRR33343120,pncA,p.Ala102Val,1.0,missense_variant,-
SRR33343120,Rv2752c,p.Met31Ile,1.0,missense_variant,-
SRR33343120,ald,c.-185_-184insA,1.0,upstream_gene_variant,-
SRR33343120,ald,c.-32T>C,1.0,upstream_gene_variant,-
SRR33343120,Rv3083,c.105G>A,1.0,synonymous_variant,-
SRR33343120,Rv3236c,p.Val151Ala,1.0,missense_variant,-
SRR33343120,mtrB,p.Met517Leu,1.0,missense_variant,-
SRR33343120,embC,c.-900C>T,1.0,upstream_gene_variant,-
SRR33343120,embC,c.2781C>T,1.0,synonymous_variant,-
SRR33343120,embA,c.-43G>C,1.0,upstream_gene_variant,-
SRR33343120,whiB6,c.-75delG,1.0,upstream_gene_variant,-
SRR33343120,whiB6,c.-211C>T,1.0,upstream_gene_variant,-
SRR33343081,gyrA,p.Asp94Ala,1.0,missense_variant,levofloxacin;moxifloxacin
SRR33343081,rpoB,p.Ser450Leu,1.0,missense_variant,rifampicin
SRR33343081,mmpR5,c.144dupC,1.0,frameshift_variant,clofazimine;bedaquiline
SRR33343081,katG,c.1801_1813delGGCAACCCGTTGC,1.0,frameshift_variant,isoniazid
SRR33343081,ahpC,c.-39C>T,1.0,upstream_gene_variant,isoniazid
SRR33343081,embB,p.Asp354Ala,1.0,missense_variant,ethambutol
SRR33343081,gyrA,p.Glu21Gln,1.0,missense_variant,-
SRR33343081,gyrA,p.Ser95Thr,1.0,missense_variant,-
SRR33343081,gyrA,p.Gly668Asp,1.0,missense_variant,-
SRR33343081,fgd1,c.960T>C,1.0,synonymous_variant,-
SRR33343081,mshA,p.Ala187Val,1.0,missense_variant,-
SRR33343081,ccsA,p.Ile245Met,1.0,missense_variant,-
SRR33343081,Rv0565c,c.390G>A,1.0,synonymous_variant,-
SRR33343081,Rv0565c,p.Arg110His,1.0,missense_variant,-
SRR33343081,rpoB,c.3225T>C,1.0,synonymous_variant,-
SRR33343081,rpoC,c.1644C>T,1.0,synonymous_variant,-
SRR33343081,mmpL5,p.Ile948Val,1.0,missense_variant,-
SRR33343081,mmpL5,p.Thr794Ile,1.0,missense_variant,-
SRR33343081,mmpL5,p.Asp767Asn,1.0,missense_variant,-
SRR33343081,mmpS5,c.-710C>G,1.0,upstream_gene_variant,-
SRR33343081,rpsL,c.-165T>C,1.0,upstream_gene_variant,-
SRR33343081,Rv1129c,c.-28T>C,1.0,upstream_gene_variant,-
SRR33343081,Rv1258c,c.580_581insC,1.0,frameshift_variant,-
SRR33343081,rrs,n.-187C>T,1.0,upstream_gene_variant,-
SRR33343081,rpsA,c.636A>C,1.0,synonymous_variant,-
SRR33343081,tsnR,p.Leu232Pro,1.0,missense_variant,-
SRR33343081,tlyA,c.33A>G,1.0,synonymous_variant,-
SRR33343081,katG,p.Arg463Leu,1.0,missense_variant,-
SRR33343081,PPE35,p.Leu896Ser,1.0,missense_variant,-
SRR33343081,Rv1979c,c.-129A>G,1.0,upstream_gene_variant,-
SRR33343081,ald,c.-32T>C,1.0,upstream_gene_variant,-
SRR33343081,Rv3236c,p.Thr102Ala,1.0,missense_variant,-
SRR33343081,mtrB,p.Met517Leu,1.0,missense_variant,-
SRR33343081,mtrB,p.Pro18Ser,1.0,missense_variant,-
SRR33343081,embC,c.2781C>T,1.0,synonymous_variant,-
SRR33343081,embA,c.228C>T,1.0,synonymous_variant,-
SRR33343081,aftB,p.Asp397Gly,1.0,missense_variant,-
SRR33343081,whiB6,c.-75delG,1.0,upstream_gene_variant,-
SRR33343081,whiB6,c.-211C>T,1.0,upstream_gene_variant,-
SRR33343081,gid,c.615A>G,1.0,synonymous_variant,-
SRR33343081,gid,p.Glu92Asp,1.0,missense_variant,-
SRR33394873,rpoB,p.Leu430Pro,1.0,missense_variant,rifampicin
SRR33394873,gyrA,p.Glu21Gln,1.0,missense_variant,-
SRR33394873,gyrA,p.Ser95Thr,1.0,missense_variant,-
SRR33394873,gyrA,p.Gly668Asp,1.0,missense_variant,-
SRR33394873,fgd1,c.960T>C,1.0,synonymous_variant,-
SRR33394873,mshA,p.Ala187Val,1.0,missense_variant,-
SRR33394873,ccsA,p.Ile245Met,1.0,missense_variant,-
SRR33394873,Rv0565c,p.Gly335Glu,1.0,missense_variant,-
SRR33394873,Rv0565c,c.390G>A,1.0,synonymous_variant,-
SRR33394873,Rv0565c,p.Arg110His,1.0,missense_variant,-
SRR33394873,rpoB,c.3225T>C,1.0,synonymous_variant,-
SRR33394873,mmpL5,p.Ile948Val,0.9933333333333333,missense_variant,-
SRR33394873,mmpL5,p.Thr794Ile,1.0,missense_variant,-
SRR33394873,mmpL5,p.Asp767Asn,1.0,missense_variant,-
SRR33394873,mmpR5,p.Arg50Pro,1.0,missense_variant,-
SRR33394873,mmpS5,c.-710C>G,1.0,upstream_gene_variant,-
SRR33394873,rpsL,c.-165T>C,1.0,upstream_gene_variant,-
SRR33394873,Rv1129c,c.-28T>C,1.0,upstream_gene_variant,-
SRR33394873,Rv1258c,c.580_581insC,1.0,frameshift_variant,-
SRR33394873,rrs,n.-187C>T,1.0,upstream_gene_variant,-
SRR33394873,rpsA,c.636A>C,0.9925925925925926,synonymous_variant,-
SRR33394873,tsnR,p.Leu232Pro,1.0,missense_variant,-
SRR33394873,tlyA,c.33A>G,1.0,synonymous_variant,-
SRR33394873,katG,p.Arg463Leu,1.0,missense_variant,-
SRR33394873,PPE35,p.Leu896Ser,1.0,missense_variant,-
SRR33394873,Rv1979c,c.-129A>G,1.0,upstream_gene_variant,-
SRR33394873,Rv2477c,p.Val320Met,1.0,missense_variant,-
SRR33394873,ald,c.-32T>C,0.9934640522875817,upstream_gene_variant,-
SRR33394873,Rv3236c,p.Thr102Ala,1.0,missense_variant,-
SRR33394873,mtrB,p.Met517Leu,1.0,missense_variant,-
SRR33394873,mtrB,p.Pro18Ser,1.0,missense_variant,-
SRR33394873,embC,c.2781C>T,1.0,synonymous_variant,-
SRR33394873,embA,c.228C>T,1.0,synonymous_variant,-
SRR33394873,aftB,p.Asp397Gly,1.0,missense_variant,-
SRR33394873,whiB6,c.-75delG,1.0,upstream_gene_variant,-
SRR33394873,whiB6,c.-211C>T,1.0,upstream_gene_variant,-
SRR33394873,gid,c.615A>G,1.0,synonymous_variant,-
SRR33394873,gid,p.Tyr195His,1.0,missense_variant,-
SRR33394873,gid,p.Glu92Asp,0.9950980392156863,missense_variant,-
SRR33343268,gyrA,p.Asp94Gly,0.13402061855670103,missense_variant,moxifloxacin;levofloxacin
SRR33343268,gyrA,p.Asp94Tyr,0.13402061855670103,missense_variant,moxifloxacin;levofloxacin
SRR33343268,rpoB,p.Ser450Leu,1.0,missense_variant,rifampicin
SRR33343268,mmpR5,c.144dupC,0.9292035398230089,frameshift_variant,bedaquiline;clofazimine
SRR33343268,mmpR5,c.381dupC,0.10784313725490197,frameshift_variant,bedaquiline;clofazimine
SRR33343268,rrs,n.517C>T,1.0,non_coding_transcript_exon_variant,streptomycin
SRR33343268,inhA,c.-154G>A,1.0,upstream_gene_variant,isoniazid;ethionamide
SRR33343268,inhA,p.Ile194Thr,1.0,missense_variant,isoniazid;ethionamide
SRR33343268,pncA,p.Gly97Asp,1.0,missense_variant,pyrazinamide
SRR33343268,embB,p.Met306Val,1.0,missense_variant,ethambutol
SRR33343268,gyrB,c.-165C>T,1.0,upstream_gene_variant,-
SRR33343268,gyrB,p.Met291Ile,1.0,missense_variant,-
SRR33343268,gyrA,c.-34C>T,1.0,upstream_gene_variant,-
SRR33343268,gyrA,p.Glu21Gln,1.0,missense_variant,-
SRR33343268,gyrA,p.Ser95Thr,1.0,missense_variant,-
SRR33343268,gyrA,p.Asn193Ser,1.0,missense_variant,-
SRR33343268,gyrA,p.Ala384Val,1.0,missense_variant,-
SRR33343268,gyrA,c.1842T>C,1.0,synonymous_variant,-
SRR33343268,gyrA,p.Gly668Asp,1.0,missense_variant,-
SRR33343268,Rv0010c,p.Ile87Met,1.0,missense_variant,-
SRR33343268,Rv0010c,p.Ala26Val,1.0,missense_variant,-
SRR33343268,Rv0010c,c.-141A>G,1.0,upstream_gene_variant,-
SRR33343268,fgd1,c.960T>C,1.0,synonymous_variant,-
SRR33343268,Rv0565c,c.-108T>C,1.0,upstream_gene_variant,-
SRR33343268,nusG,c.-138T>C,0.9902912621359223,upstream_gene_variant,-
SRR33343268,rpoB,p.Gln975His,1.0,missense_variant,-
SRR33343268,rpoB,c.3225T>C,1.0,synonymous_variant,-
SRR33343268,rpoC,c.183C>T,1.0,synonymous_variant,-
SRR33343268,rpoC,p.Ala172Val,1.0,missense_variant,-
SRR33343268,rpoC,c.517C>A,1.0,synonymous_variant,-
SRR33343268,rpoC,p.Val1252Leu,1.0,missense_variant,-
SRR33343268,mmpL5,p.Ile948Val,1.0,missense_variant,-
SRR33343268,mmpL5,p.Thr794Ile,1.0,missense_variant,-
SRR33343268,rpsL,c.-165T>C,1.0,upstream_gene_variant,-
SRR33343268,rplC,c.-452C>A,1.0,upstream_gene_variant,-
SRR33343268,Rv1129c,c.-28T>C,1.0,upstream_gene_variant,-
SRR33343268,embR,p.Cys110Tyr,1.0,missense_variant,-
SRR33343268,embR,c.-207C>G,1.0,upstream_gene_variant,-
SRR33343268,embR,c.-446C>T,1.0,upstream_gene_variant,-
SRR33343268,rrs,n.-187C>T,1.0,upstream_gene_variant,-
SRR33343268,tsnR,c.369C>T,1.0,synonymous_variant,-
SRR33343268,tsnR,p.Leu232Pro,1.0,missense_variant,-
SRR33343268,tlyA,c.33A>G,1.0,synonymous_variant,-
SRR33343268,bacA,p.Ile603Val,1.0,missense_variant,-
SRR33343268,ndh,p.Arg268His,1.0,missense_variant,-
SRR33343268,katG,p.Arg463Leu,1.0,missense_variant,-
SRR33343268,PPE35,p.Leu896Ser,1.0,missense_variant,-
SRR33343268,PPE35,p.Gly624Asp,1.0,missense_variant,-
SRR33343268,Rv1979c,p.Asp286Gly,1.0,missense_variant,-
SRR33343268,Rv1979c,c.-129A>G,1.0,upstream_gene_variant,-
SRR33343268,Rv1979c,c.-389C>A,1.0,upstream_gene_variant,-
SRR33343268,kasA,c.18C>T,1.0,synonymous_variant,-
SRR33343268,ahpC,c.-142G>A,1.0,upstream_gene_variant,-
SRR33343268,ald,c.-32T>C,1.0,upstream_gene_variant,-
SRR33343268,Rv3083,p.Asp71His,1.0,missense_variant,-
SRR33343268,lpqB,p.Asp142Gly,1.0,missense_variant,-
SRR33343268,mtrB,p.Met517Leu,1.0,missense_variant,-
SRR33343268,mtrB,c.147G>A,1.0,synonymous_variant,-
SRR33343268,clpC1,p.Val63Ala,1.0,missense_variant,-
SRR33343268,clpC1,c.-15A>G,1.0,upstream_gene_variant,-
SRR33343268,glpK,p.Val460Ala,1.0,missense_variant,-
SRR33343268,embC,p.Thr270Ile,1.0,missense_variant,-
SRR33343268,embC,p.Asn394Asp,1.0,missense_variant,-
SRR33343268,embC,c.2781C>T,1.0,synonymous_variant,-
SRR33343268,embA,p.Ala813Gly,1.0,missense_variant,-
SRR33343268,embA,p.Pro913Ser,1.0,missense_variant,-
SRR33343268,embB,p.Gly156Cys,1.0,missense_variant,-
SRR33343268,embB,p.Glu378Ala,1.0,missense_variant,-
SRR33343268,aftB,p.Val293Met,1.0,missense_variant,-
SRR33343268,ubiA,p.Ala181Thr,1.0,missense_variant,-
SRR33343268,ubiA,p.Glu149Asp,1.0,missense_variant,-
SRR33343268,ubiA,c.228T>C,1.0,synonymous_variant,-
SRR33343268,ethA,c.1326G>T,1.0,synonymous_variant,-
SRR33343268,ethA,p.Asn345Lys,1.0,missense_variant,-
SRR33343268,whiB6,p.Arg107Cys,1.0,missense_variant,-
SRR33343268,whiB6,c.-75delG,1.0,upstream_gene_variant,-
SRR33343268,whiB6,c.-82C>T,1.0,upstream_gene_variant,-
SRR33343268,whiB6,c.-211C>T,0.9901960784313726,upstream_gene_variant,-
SRR33343268,gid,c.615A>G,1.0,synonymous_variant,-
SRR33343268,gid,p.Ala119Thr,1.0,missense_variant,-
SRR33343268,gid,c.330G>T,1.0,synonymous_variant,-
